{"position":{"x":-0.07989216595888138,"y":-0.02063838019967079,"z":0.029143109917640687},"rotation":{"x":0.23502294719219209,"y":-0.11930309981107712,"z":-0.10464910417795181,"w":0.9589471817016602}}