{"geometricPosition":{"x":0.7204304337501526,"y":0.05364185944199562,"z":-0.5359578132629395},"geometricRotation":{"x":-0.0019362799357622862,"y":0.6859890818595886,"z":-0.0037667725700885059,"w":-0.7275995016098023},"penPosition":{"x":0.3534475862979889,"y":0.022671997547149659,"z":-0.12515637278556825},"penRotation":{"x":0.0007595230126753449,"y":0.4862712621688843,"z":0.0007093847380019724,"w":-0.8738073706626892},"boatPosition":{"x":0.052162449806928638,"y":0.06310019642114639,"z":-0.707058846950531},"boatRotation":{"x":-0.0010065685492008925,"y":0.9172444343566895,"z":-0.002376968041062355,"w":-0.39831650257110598},"carPosition":{"x":-0.36028793454170229,"y":0.019222481176257135,"z":-0.2875940799713135},"carRotation":{"x":0.0006738074589520693,"y":0.9418718814849854,"z":-0.006440163590013981,"w":0.3359098732471466}}