{"geometricPosition":{"x":-0.09333232045173645,"y":0.05414021015167236,"z":-0.4341217279434204},"geometricRotation":{"x":-0.0004194438806734979,"y":0.980398416519165,"z":-0.004983848892152309,"w":0.19696182012557984},"penPosition":{"x":0.37780237197875979,"y":0.021884256973862649,"z":-0.2634277045726776},"penRotation":{"x":-0.0027332110330462457,"y":0.2801040709018707,"z":-0.00351423560641706,"w":0.9599593877792358},"boatPosition":{"x":0.6005550026893616,"y":0.06317751109600067,"z":-0.5653733015060425},"boatRotation":{"x":-0.0019027043599635363,"y":0.7207612991333008,"z":-0.00480886735022068,"w":0.6931641101837158},"carPosition":{"x":-0.11296919733285904,"y":0.019785212352871896,"z":-0.12190774083137512},"carRotation":{"x":-0.0004734089598059654,"y":0.7690311670303345,"z":-0.004304374568164349,"w":-0.6391966342926025}}