{"position":{"x":0.23600000143051148,"y":0.3077149987220764,"z":0.02582799829542637},"rotation":{"x":-0.02062876522541046,"y":-0.8273687958717346,"z":0.3057279586791992,"w":0.4707077741622925}}