{"position":{"x":-9.999999974752428e-7,"y":0.000115999995614402,"z":0.00023899998632259667},"rotation":{"x":0.0002767127880360931,"y":0.00026122559211216867,"z":-0.0008144277380779386,"w":0.9999996423721314}}