{"position":{"x":-0.7240560054779053,"y":-0.8783385157585144,"z":0.43878480792045596},"rotation":{"x":0.007327103987336159,"y":0.4049958884716034,"z":-0.0058407532051205639,"w":0.9142705202102661}}