{"position":{"x":-0.4977360963821411,"y":-0.5079408884048462,"z":0.38921499252319338},"rotation":{"x":0.3723982870578766,"y":-0.5597339868545532,"z":0.3084183931350708,"w":0.6729751229286194}}