{"geometricPosition":{"x":-0.22297760844230653,"y":0.05684687942266464,"z":-0.03084617853164673},"geometricRotation":{"x":0.0010245280573144556,"y":0.999519944190979,"z":-0.006203023716807365,"w":-0.03033672831952572},"penPosition":{"x":0.46874091029167178,"y":0.018187295645475389,"z":-0.8205371499061585},"penRotation":{"x":-0.004477481357753277,"y":0.6682183742523193,"z":-0.004965691827237606,"w":0.7439351677894592},"boatPosition":{"x":0.14295487105846406,"y":0.0637061670422554,"z":-0.5030138492584229},"boatRotation":{"x":-0.0012265929253771902,"y":0.9178079962730408,"z":-0.0032944465056061746,"w":-0.39700883626937868},"carPosition":{"x":-0.31397944688796999,"y":0.0181768499314785,"z":-0.4611230492591858},"carRotation":{"x":-0.0011993632651865483,"y":0.977486252784729,"z":-0.005477918311953545,"w":-0.21092498302459718}}