{"geometricPosition":{"x":0.2597869336605072,"y":0.05324900522828102,"z":-0.5788636803627014},"geometricRotation":{"x":-0.0006454771501012147,"y":0.8558933734893799,"z":-0.0033376202918589117,"w":-0.5171412825584412},"penPosition":{"x":-0.19761323928833009,"y":0.021289072930812837,"z":-0.4353141784667969},"penRotation":{"x":-0.0015753089683130384,"y":-0.12372761219739914,"z":-0.0035031610168516638,"w":0.9923087954521179},"boatPosition":{"x":0.1364082545042038,"y":0.06469477713108063,"z":-0.3063638508319855},"boatRotation":{"x":-0.0017784355441108347,"y":0.9691175818443298,"z":-0.00545397587120533,"w":0.24653252959251405},"carPosition":{"x":0.5796158313751221,"y":0.017178766429424287,"z":-0.5046820044517517},"carRotation":{"x":0.0009004670428112149,"y":0.012961339205503464,"z":-0.0011884814593940974,"w":0.9999148845672607}}