{
    "position": {
        "x": -0.07989216595888138,
        "y": -0.02063838019967079,
        "z": 0.029143109917640687
    },
    "rotation": {
        "x": 0.34162294719219209,
        "y": -0.12650319981107712,
        "z": -0.10456910417795181,
        "w": 0.9589472817016602
    }
}
